Workbook

Sheet 测试总结
A1: AI-CRM 线索评分助手 · 测试用例与执行总结
A2: 被测对象：Dify 云端工作流（已发布版） · 统计期间：2026-09-28 ~ 2026-10-02 · 编制：秦斌然
A4: 一、被测对象信息
A5: 应用名称 | B5: AI CRM 线索评分助手（Dify Chatflow/Workflow 应用）
A6: 工作流结构 | B6: 13 节点：开始 → 结构化提取 → 规则评分器 → 意图评分 → 意图结果解析 → 总分汇总 → 分级分流 → 产品知识检索 → 跟进建议生成 / 培育内容生成 → 结束×3
A7: 评分模型 | B7: 属性分 45 + 行为分 25 + 意图分 30；阈值 ≥60 SQL / ≥30 MQL / <30 无效
A8: 线上访问 | B8: WebApp：https://udify.app/workflow/Qv6HGVA7QVEZst94
A9: API 接口 | B9: https://api.dify.ai/v1/workflows/run（response_mode=streaming）
A10: 模型与知识库 | B10: 自有模型供应商（已替换 Sandbox 官方额度）+ 知识库「CRM产品知识库」（产品手册/FAQ/客户案例 合并版）绑定检索节点
A11: 前置交付物 | B11: Dify导入_AI-CRM线索评分助手_修复版.yml（13 节点、10 个输出变量全局唯一、无位置重叠）
A12: 新增分析列 | B12: 「结果预判与风险」= 预期表现 + 可能偏差；「卡点节点」= 不通过时先查哪个节点；「节点级优化方案」= 改哪个节点、怎么改（三列已覆盖全部 28 条用例）
A13: 二、测试执行概览（自动统计）
A14: 指标 | B14: 数值 | C14: 口径 / 说明
A15: 用例总数 | B15: =COUNTA(测试用例集!$A$2:$A$29) -> 28 | C15: ｜测试用例集｜全部用例条数
A16: 已执行 | B16: =COUNTIF(测试用例集!$T$2:$T$29,"通过")+COUNTIF(测试用例集!$T$2:$T$29,"不通过") -> 22 | C16: 已填实际结果并入判定的用例数
A17: 通过 | B17: =COUNTIF(测试用例集!$T$2:$T$29,"通过") -> 22 | C17: 等级命中 + 分数在预期区间
A18: 不通过 | B18: =COUNTIF(测试用例集!$T$2:$T$29,"不通过") -> 0 | C18: 任一判定条件未满足，需定位到节点归因
A19: 待测 | B19: =COUNTIF(测试用例集!$T$2:$T$29,"待测") -> 6 | C19: 实际等级或实际总分为空
A20: 通过率 | B20: =IF(OR(B15="",B15=0,B16=0),"",B17/B16) -> 1 | C20: 通过 ÷ 已执行（分母空/0 时显示空白）
A21: 其中：工作流功能类 | B21: =COUNTIF(测试用例集!$C$2:$C$29,"工作流功能") -> 20 | C21: 本地 1:1 复刻执行的用例
A22: 其中：API集成类 | B22: =COUNTIF(测试用例集!$C$2:$C$29,"API集成") -> 8 | C22: 云端发布版端到端调用用例（2026-10-02 新增）
A24: 三、用例分布（按层次）
A25: 层次 | B25: 用例数
A26: 正常 | B26: =COUNTIF(测试用例集!$B$2:$B$29,$A26) -> 6
A27: 边界 | B27: =COUNTIF(测试用例集!$B$2:$B$29,$A27) -> 8
A28: 异常 | B28: =COUNTIF(测试用例集!$B$2:$B$29,$A28) -> 6
A29: 集成 | B29: =COUNTIF(测试用例集!$B$2:$B$29,$A29) -> 8
A31: 四、本次测试结论
A32: ① 工作流功能测试：本地按 DSL 1:1 复刻执行 20 条用例，两轮迭代通过率 90% → 100%（详见「执行记录」）。
A33: ② 线上 API 打通：2026-10-02 完成云端发布与端到端实测，streaming 调用 10 个节点全部 success，金牌用例输出 73 分 / SQL 分级，与本地基线一致。
A34: ③ 缺陷闭环：累计修复 9 项缺陷，其中阻断级 3 项（画布改动未发布、API Key 指向旧应用、Sandbox 模型额度耗尽），全部已复测通过。
A35: ④ 遗留优化：LLM 换非思考模式可把端到端耗时从约 98 秒降到 40 秒内；意图档位需再校准（「API集成+报价+演示」被判为「一般了解」偏保守）。
A36: ⑤ 使用限制（POC）：Demo 前端内置演示用 Key，正式交付需改为后端中转并加限流与日志；知识库为静态文本，暂不支持自动同步。
A37: ⑥ 可执行性：28 条用例均已给出「结果预判与风险 → 卡点节点 → 节点级优化方案」三列。任何一条不通过，可直接按「卡点节点」定位到画布上的具体节点，按「优化方案」逐条修改并复测，无需重新做归因分析。

Sheet 测试用例集
A1: 用例编号 | B1: 层次 | C1: 类型 | D1: 用例名称 | E1: 行业 | F1: 公司规模 | G1: 岗位 | H1: 近期行为 | I1: 客户留言 | J1: 预期等级 | K1: 预期下限 | L1: 预期上限 | M1: 关键校验点 | N1: 设计理由 | O1: 结果预判与风险 | P1: 卡点节点 | Q1: 节点级优化方案 | R1: 实际等级 | S1: 实际总分 | T1: 判定
A2: TC-01 | B2: 正常 | C2: 工作流功能 | D2: 高分线索判 SQL | E2: 制造业 | F2: 500人以上 | G2: IT负责人/技术总监 | H2: 打开报价邮件、访问集成对接页 | I2: 我们旧CRM想嵌AI评分，支持API对接吗？ | J2: SQL | K2: 85 | L2: 95 | M2: 话术必须出现「API」或「集成」；标签=集成需求 | N2: 验证最高档意图（集成需求）是否生效，SQL 支线 RAG 检索与话术生成是否跑通 | O2: 预判：本地 91 分稳定 SQL；线上走 RAG + 推理模型，预计 85~93。风险：意图档位偏保守时标签落「一般了解」，意图分丢 20 分，总分掉到 70 上下逼近下限。 | P2: 意图评分 → 意图结果解析 → 规则评分器 → 跟进建议生成 | Q2: ① 标签 ≠ 集成需求：在「意图评分」prompt 的集成需求档补触发词「嵌 AI 评分」「API 对接」「系统打通」。② 标签对但总分 <85：核对「规则评分器」的行为分字典是否含「访问集成对接页」，并确认两条行为未重复计算。③ 话术缺 API/集成：在「跟进建议生成」prompt 强制「必须回应留言中的集成诉求并引用知识库检索到的对接方式」。 | R2: SQL | S2: 91 | T2: =IF(OR($R2="",$S2=""),"待测",IF(AND(ISNUMBER(SEARCH($R2,$J2)),IF($K2="",TRUE,$S2>=$K2),IF($L2="",TRUE,$S2<=$L2)),"通过","不通过")) -> 通过
A3: TC-02 | B3: 正常 | C3: 工作流功能 | D3: 询价+约演示判 SQL | E3: 软件/互联网 | F3: 100-499人 | G3: 采购/商务负责人 | H3: 预约产品演示 | I3: 想约个演示，顺便问下报价 | J3: SQL | K3: 70 | L3: 85 | M3: 标签属于{价格咨询,演示试用}；建议四段小标题齐全 | N3: 验证中高意图识别，以及多意图并存时取最高档 | O3: 预判：本地 78 分 SQL。风险：多意图并存时若只取「价格咨询」（20 分档）而非最高档，会跌进 MQL；「预约产品演示」若不在行为字典还会再丢 15 分。 | P3: 意图评分（多意图取最高档） → 规则评分器（行为字典） → 跟进建议生成 | Q3: ① 标签落低档：在「意图评分」prompt 明确「多意图并存取最高档，优先级：集成需求 > 演示试用 > 价格咨询 > 一般了解」。② 总分跌到 60 以下：核对「规则评分器」行为分字典键与前端下拉选项是否字面一致（「预约产品演示」）。③ 四大段小标题缺失：在「跟进建议生成」prompt 里给固定四段结构模板（现状判断/需求确认/建议动作/下一步）。 | R3: SQL | S3: 78 | T3: =IF(OR($R3="",$S3=""),"待测",IF(AND(ISNUMBER(SEARCH($R3,$J3)),IF($K3="",TRUE,$S3>=$K3),IF($L3="",TRUE,$S3<=$L3)),"通过","不通过")) -> 通过
A4: TC-03 | B4: 正常 | C4: 工作流功能 | D4: 弱画像弱行为判 MQL | E4: 金融 | F4: 20-99人 | G4: 普通员工 | H4: 下载白皮书 | I4: 想了解一下你们的产品功能 | J4: MQL | K4: 38 | L4: 50 | M4: 不得越级为 SQL；出口含培育方案 | N4: 检验弱画像+弱行为组合是否正确落入培育池 | O4: 预判：本地 43 分 MQL，窗口宽裕。风险：「下载白皮书」未命中行为字典时行为分归零，总分跌到 28 以下，直接误判为无效、退出销售漏斗。 | P4: 规则评分器（行为分字典） → 意图结果解析 → 分级分流 | Q4: ① 误入无效：把行为字典键与前端选项逐字对齐（「下载白皮书」vs「下载资料」这类字面差最常踩）。② 分数偏离 >5：校准「规则评分器」中金融行业（+10）与普通员工（+5）的属性分权重。③ 出口无培育方案：确认「分级分流」MQL 分支阈值仍是 30（被误改会直接走无效）。 | R4: MQL | S4: 43 | T4: =IF(OR($R4="",$S4=""),"待测",IF(AND(ISNUMBER(SEARCH($R4,$J4)),IF($K4="",TRUE,$S4>=$K4),IF($L4="",TRUE,$S4<=$L4)),"通过","不通过")) -> 通过
A5: TC-04 | B5: 正常 | C5: 工作流功能 | D5: MQL 培育方案完整 | E5: 教育 | F5: 20-99人 | G5: 销售/市场负责人 | H5: 下载白皮书 | I5: 看看有没有合适的方案，先了解下 | J5: MQL | K5: 33 | L5: 45 | M5: nurture_plan 三要素齐全（推荐资料/触达文案/下次触达） | N5: 验证 MQL 支线培育内容生成正常 | O5: 预判：本地 33 分，仅高于 30 阈值 3 分——全表最脆弱的一条。风险：模型抖动 -5 分即跌入无效；同时它是「阈值双写」错位的高发用例。 | P5: 总分汇总（grade 标签） / 分级分流（阈值 30） → 培育内容生成 | Q5: ① 跌入无效：把阈值的两处同步下调（或为教育+销售市场这类画像单独加 5 分兜底）——「总分汇总」if-else 与「分级分流」条件必须同改，只改一处会出现「标签无效却走 MQL 支线」。② nurture_plan 缺要素：在「培育内容生成」prompt 硬性要求输出「推荐资料 / 触达文案 / 下次触达时间」三要素并给格式示例。 | R5: MQL | S5: 33 | T5: =IF(OR($R5="",$S5=""),"待测",IF(AND(ISNUMBER(SEARCH($R5,$J5)),IF($K5="",TRUE,$S5>=$K5),IF($L5="",TRUE,$S5<=$L5)),"通过","不通过")) -> 通过
A6: TC-05 | B6: 正常 | C6: 工作流功能 | D6: 学生线索自动过滤 | E6: 学生个人 | F6: 个人/无 | G6: 学生 | I6: 写作业需要了解CRM | J6: 无效 | K6: 0 | L6: 5 | M6: filter_reason 有内容；不触发知识库检索与话术生成 | N6: 关键用例：负分行业+负分规模是否被夹紧到 0 且被拦截 | O6: 预判：本地 3 分，稳定落在无效，属关键用例（必须 100% 通过）。风险：AI 可能因「了解CRM」给出 10 分意图分，总分抬到 15 仍无效；真正风险是阈值双写错位导致标签与分支不一致。 | P6: 规则评分器（负分夹紧） → 分级分流 | Q6: ① 标签无效却走了 MQL/SQL 支线：同步修改「总分汇总」与「分级分流」两处阈值。② 属性分出现负数：检查「规则评分器」中学生个人（-25）、个人/无（-15）后是否做了 max(0, …) 夹紧。③ 仍触发知识库检索：确认无效分支的结束节点未连到检索与话术节点（省一次 LLM）。 | R6: 无效 | S6: 3 | T6: =IF(OR($R6="",$S6=""),"待测",IF(AND(ISNUMBER(SEARCH($R6,$J6)),IF($K6="",TRUE,$S6>=$K6),IF($L6="",TRUE,$S6<=$L6)),"通过","不通过")) -> 通过
A7: TC-06 | B7: 正常 | C7: 工作流功能 | D7: 未收录行业走默认分 | E7: 其他 | F7: 1-19人 | G7: 普通员工 | I7: 随便看看 | J7: 无效 | K7: 8 | L7: 20 | M7: 流程不报错；属性分不因「其他」而异常 | N7: 验证不在字典里的行业值走默认分、不报错 | O7: 预判：本地 15 分无效，链路走完不报错。风险：字典缺 key 时若用直接索引会抛 KeyError，整个 code 节点中断、流程直接失败。 | P7: 规则评分器（字典默认值） | Q7: ① 链路报错：把「规则评分器」的属性/行为字典取值改成 .get(key, 默认分) 形式，替代 dict[key]。② 「其他」行业分数异常：为「其他 / 未提供」显式给中性分（0~5），不要落到默认正分造成虚高。 | R7: 无效 | S7: 15 | T7: =IF(OR($R7="",$S7=""),"待测",IF(AND(ISNUMBER(SEARCH($R7,$J7)),IF($K7="",TRUE,$S7>=$K7),IF($L7="",TRUE,$S7<=$L7)),"通过","不通过")) -> 通过
A8: TC-07 | B8: 边界 | C8: 工作流功能 | D8: 卡在 60 分线上 | E8: 制造业 | F8: 100-499人 | G8: IT负责人/技术总监 | H8: 下载白皮书 | I8: 想了解下功能细节 | J8: SQL或MQL | K8: 55 | L8: 65 | M8: 记录实际分数；同一条跑 3 次看等级是否跳变 | N8: 暴露阈值敏感区，为 60/30 阈值校准提供依据 | O8: 预判：本地 57 分 MQL，正好压在 60 线上方 3 分。风险：同一条跑 3 次极差可能 ≥5，等级在 SQL/MQL 之间跳变——这是阈值敏感区的活样本，也是「分数抖动」指标的必测点。 | P8: 意图评分（档位边界） → 总分汇总 / 分级分流（阈值 60） | Q8: ① 等级跳变：给「意图评分」prompt 补齐各档互斥的 few-shot 例句，消除边界模糊；LLM 温度统一降到 0.2。② 业务上希望这类画像判 SQL：把「制造/100-499/IT负责人」属性分上调，或把阈值 60 降到 55（两处同步改）。③ 若跳变仍存在：在「总分汇总」对意图分做三档钳制（10/20/30），用离散化换稳定性。 | R8: MQL | S8: 57 | T8: =IF(OR($R8="",$S8=""),"待测",IF(AND(ISNUMBER(SEARCH($R8,$J8)),IF($K8="",TRUE,$S8>=$K8),IF($L8="",TRUE,$S8<=$L8)),"通过","不通过")) -> 通过
A9: TC-08A | B9: 边界 | C9: 工作流功能 | D9: 同画像对照组（弱意图） | E9: 制造业 | F9: 100-499人 | G9: 采购/商务负责人 | H9: 下载白皮书 | I9: 想了解下功能 | J9: MQL | K9: 52 | L9: 58 | M9: 与 TC-08B 同画像；B 组总分应高出本组 ≥10 分 | N9: 检验意图分的区分度（只换一句留言，其余字段完全相同） | O9: 预判：本地 54 分 MQL，与 TC-08B 同画像仅差一句留言。风险：若模型把两句留言判成同一档，A/B 差值缩到 0~5，说明意图分区分度失效，整套评分模型的「意图维」形同虚设。 | P9: 意图评分（档位区分度） | Q9: ① 差值 <10：在「意图评分」prompt 显式区分「想了解下功能」= 一般了解（10 分）与「支持 API 对接吗」= 集成需求（30 分），各补一句 few-shot。② 仍不区分：在「规则评分器」里加关键词兜底加权（命中 API/对接/集成/接入 → 意图分下限 25），用 code 兜住 LLM 的不稳定。 | R9: MQL | S9: 54 | T9: =IF(OR($R9="",$S9=""),"待测",IF(AND(ISNUMBER(SEARCH($R9,$J9)),IF($K9="",TRUE,$S9>=$K9),IF($L9="",TRUE,$S9<=$L9)),"通过","不通过")) -> 通过
A10: TC-08B | B10: 边界 | C10: 工作流功能 | D10: 同画像对照组（强意图） | E10: 制造业 | F10: 100-499人 | G10: 采购/商务负责人 | H10: 下载白皮书 | I10: 支持API对接吗 | J10: SQL | K10: 67 | L10: 72 | M10: 与 TC-08A 比较：总分高出 ≥10 分且等级升为 SQL | N10: 检验意图分的区分度（只换一句留言，其余字段完全相同） | O10: 预判：本地 68 分 SQL，应比 TC-08A 高出 ≥10 分且升档为 SQL。风险：与 A 组同分或差值 <10，即意图分未拉开；也可能高出太多（>25）说明属性分被重复计入。 | P10: 意图评分（档位区分度） → 总分汇总 | Q10: ① 与 A 组差值 <10：同 TC-08A 的档位例句补强方案。② 差值 >25：检查「总分汇总」是否把意图分重复相加，或属性分在两次计算中被累加。③ 升级后未走 SQL 支线：核对「分级分流」的 60 条件是否用了 >= 而非 >。 | R10: SQL | S10: 68 | T10: =IF(OR($R10="",$S10=""),"待测",IF(AND(ISNUMBER(SEARCH($R10,$J10)),IF($K10="",TRUE,$S10>=$K10),IF($L10="",TRUE,$S10<=$L10)),"通过","不通过")) -> 通过
A11: TC-09 | B11: 边界 | C11: 工作流功能 | D11: 行为分封顶 25 | E11: 软件/互联网 | F11: 500人以上 | G11: IT负责人/技术总监 | H11: 预约产品演示、打开报价邮件、观看演示视频、访问集成对接页、下载白皮书、一周内多次访问官网 | I11: 想看下你们的集成方案，支持API吗 | J11: SQL | K11: 88 | L11: 100 | M11: behavior_score 必须=25（原始相加为 70）；总分≤100 | N11: 验证行为分封顶逻辑生效，否则总分可能爆表 | O11: 预判：本地 96 分 SQL（属性 45 + 行为 25 封顶 + 意图 30 上限附近）。风险：封顶逻辑一旦失效，行为分原始相加为 70，总分直接爆表 >100，漏斗统计与排序全乱。 | P11: 规则评分器（min 封顶） → 总分汇总 | Q11: ① 总分 >100：双层封顶都要查——「规则评分器」min(25, 行为合计) 与「总分汇总」min(100, 总分)。② 行为分 >25：对重复出现的同一行为词做去重（同一行为多次出现不应重复计分）。 | R11: SQL | S11: 96 | T11: =IF(OR($R11="",$S11=""),"待测",IF(AND(ISNUMBER(SEARCH($R11,$J11)),IF($K11="",TRUE,$S11>=$K11),IF($L11="",TRUE,$S11<=$L11)),"通过","不通过")) -> 通过
A12: TC-10A | B12: 边界 | C12: 工作流功能 | D12: 属性分上限夹紧 45 | E12: 软件/互联网 | F12: 500人以上 | G12: IT负责人/技术总监 | I12: 咨询下产品 | J12: MQL | K12: 50 | L12: 60 | M12: attribute_score 必须=45，不得超过 | N12: 验证属性分上限夹紧，防止单项极值把总分带偏 | O12: 预判：本地 54 分，属性分被夹紧到 45。风险：夹紧失效时属性分会冲到 60+，总分虚高把 MQL 误升为 SQL，销售拿到假高意向线索。 | P12: 规则评分器（属性分上限） | Q12: ① 属性分 >45：修「规则评分器」的 min(45, 属性合计)。② 建议回归断言：把 attribute_score / behavior_score / intent_score 三个中间量一并输出到结束节点，便于逐项核对而不是只看总分。 | R12: MQL | S12: 54 | T12: =IF(OR($R12="",$S12=""),"待测",IF(AND(ISNUMBER(SEARCH($R12,$J12)),IF($K12="",TRUE,$S12>=$K12),IF($L12="",TRUE,$S12<=$L12)),"通过","不通过")) -> 通过
A13: TC-10B | B13: 边界 | C13: 工作流功能 | D13: 属性分下限夹紧 0 | E13: 学生个人 | F13: 个人/无 | G13: 学生 | I13: 老师让我们调研CRM产品 | J13: 无效 | K13: 0 | L13: 6 | M13: attribute_score 必须=0（不能是 -25） | N13: 验证负数被夹紧到 0，不污染总分与漏斗统计 | O13: 预判：本地 3 分无效，属性分被夹紧到 0（而非 -25）。风险：未夹紧的负分会把总分带成负数，污染漏斗统计与报表分母。 | P13: 规则评分器（负分夹紧） → 总分汇总 | Q13: ① 属性分为负：在「规则评分器」对三项分都加 max(0, …)。② 总分仍异常偏低：检查「总分汇总」是否对三项分别做了范围夹紧后再相加，而不是先加后夹。 | R13: 无效 | S13: 3 | T13: =IF(OR($R13="",$S13=""),"待测",IF(AND(ISNUMBER(SEARCH($R13,$J13)),IF($K13="",TRUE,$S13>=$K13),IF($L13="",TRUE,$S13<=$L13)),"通过","不通过")) -> 通过
A14: TC-11 | B14: 边界 | C14: 工作流功能 | D14: 行为词未命中字典 | E14: 制造业 | F14: 100-499人 | G14: IT负责人/技术总监 | H14: 预约演示 | I14: 想了解下功能细节 | J14: MQL | K14: 45 | L14: 55 | M14: behavior_score=0（行为词未命中字典）；应记为待修复的配置问题 | N14: 负向测试：故意用不匹配的行为词，主动挖出字典键与输入选项不一致的风险 | O14: 预判：本地 49 分 MQL；按设计「预约演示」不在字典，行为分应为 0——这是故意埋的配置缺陷探针。风险：该缺陷会被误读为「业务上本就低分」，掩盖口径不一致问题。 | P14: 规则评分器（行为字典键） + 前端表单选项 | Q14: ① 统一口径：把行为词规范为字典键「预约产品演示」，前端下拉选项与「规则评分器」字典字面必须完全一致（改一处不算改完）。② 长期防御：在「规则评分器」code 里返回未命中的行为词列表（missed_behaviors），让配置漂移在测试阶段就暴露。 | R14: MQL | S14: 49 | T14: =IF(OR($R14="",$S14=""),"待测",IF(AND(ISNUMBER(SEARCH($R14,$J14)),IF($K14="",TRUE,$S14>=$K14),IF($L14="",TRUE,$S14<=$L14)),"通过","不通过")) -> 通过
A15: TC-12 | B15: 边界 | C15: 工作流功能 | D15: 学生伪装调研被拦 | E15: 学生个人 | F15: 1-19人 | G15: 学生 | I15: 老师让我们调研一下CRM产品 | J15: 无效 | K15: 0 | L15: 6 | M15: attribute_score=0；意图分<5 | N15: 验证「调研」这类正经词不会把学生线索抬成 MQL | O15: 预判：本地 3 分无效。「调研」是正经词，可能被判成一般了解（10 分）→ 总分约 13，仍无效。风险：若行业被错选为「其他」且规模为 20-99，属性分不再为负，总分可能摸到 30 阈值抬成 MQL。 | P15: 规则评分器（负分画像） → 意图评分 | Q15: ① 被抬成 MQL：强化「规则评分器」的负分默认值（学生个人 -25、个人/无 -15）。② 意图分偏高：在「意图评分」prompt 加硬规则「自称学生 / 毕设 / 作业 / 论文 → 意图分 ≤5」。③ 组合防御：无论画像字段如何填，只要意图分 ≤5 就在「总分汇总」强制 INVALID。 | R15: 无效 | S15: 3 | T15: =IF(OR($R15="",$S15=""),"待测",IF(AND(ISNUMBER(SEARCH($R15,$J15)),IF($K15="",TRUE,$S15>=$K15),IF($L15="",TRUE,$S15<=$L15)),"通过","不通过")) -> 通过
A16: TC-13 | B16: 异常 | C16: 工作流功能 | D16: 留言留空被校验拦下 | E16: 制造业 | F16: 100-499人 | G16: IT负责人/技术总监 | J16: 拦截 | K16: 0 | L16: 0 | M16: 提交时应被必填校验拦下，不进入流程；实际总分填 0 表示未产生分数 | N16: 验证入参校验层生效——挡在最前面的防线 | O16: 预判：被双重校验拦下（前端必填 + Dify start 节点 required），不进入流程、不消耗模型额度。风险：若 start 节点未把留言设为必填，空值会流进 LLM，报「提取失败」这种看不懂的错误。 | P16: 开始节点（required 配置） | Q16: ① 空值流进流程：把 lead_raw 在 start 节点标记为 required，并给每个变量配中文 label（错误信息会带上 label）。② 想静默拦截：在 start 之后加一层 code 短路节点，空值时直接走「结束(无效)」分支。③ 注意：即使前端拦住了，接口直连仍会消耗额度，建议把校验放在 start 节点而非仅前端。 | R16: 拦截 | S16: 0 | T16: =IF(OR($R16="",$S16=""),"待测",IF(AND(ISNUMBER(SEARCH($R16,$J16)),IF($K16="",TRUE,$S16>=$K16),IF($L16="",TRUE,$S16<=$L16)),"通过","不通过")) -> 通过
A17: TC-14 | B17: 异常 | C17: 工作流功能 | D17: 无意义留言不崩 | E17: 其他 | F17: 1-19人 | G17: 普通员工 | I17: 。。。 | J17: 无效 | K17: 0 | L17: 29 | M17: 流程走完不报错；filter_reason 有内容 | N17: 验证无意义输入不会让链路崩溃，也不会被判成高意向 | O17: 预判：本地 20 分无效，链路走完不报错。风险：属性分照给（其他行业/1-19人/普通员工 ≈20 分），若意图分被误判 ≥10，总分就可能摸到 30 阈值、误入 MQL——这是已知设计盲区的活体样本。 | P17: 意图评分 → 意图结果解析（兜底判定） → 总分汇总 | Q17: ① 治本：在「意图结果解析」或「总分汇总」加规则「意图分 ≤5 时强制 INVALID」，一次性覆盖闲聊、乱码、无关留言三类噪声。② 治标：在「意图评分」prompt 明确「无业务诉求（如「。。。」「今天天气」）→ 意图分 0」。③ 「其他」行业不要给正分，避免噪声靠属性分「捡分」。 | R17: 无效 | S17: 20 | T17: =IF(OR($R17="",$S17=""),"待测",IF(AND(ISNUMBER(SEARCH($R17,$J17)),IF($K17="",TRUE,$S17>=$K17),IF($L17="",TRUE,$S17<=$L17)),"通过","不通过")) -> 通过
A18: TC-15 | B18: 异常 | C18: 工作流功能 | D18: 超长留言（2000 字） | E18: 制造业 | F18: 100-499人 | G18: IT负责人/技术总监 | H18: 下载白皮书 | I18: （约 2000 字的产品需求描述，核心是希望接入现有系统、支持API对接，并询问报价） | J18: SQL | K18: 60 | L18: 95 | M18: need_summary ≤30 字；单条耗时 ≤30 秒（本地） | N18: 验证长度上限表现，以及长文本是否把提取结果带偏 | O18: 预判：本地 71 分 SQL；长文本提取更慢，本地耗时可能顶到 30 秒。风险：need_summary 被撑爆超 30 字，下游话术变啰嗦；或关键字段串味（把「报价」写进公司名）。 | P18: 结构化提取 → 跟进建议生成 | Q18: ① need_summary 超长：在「结构化提取」prompt 写明「need_summary ≤30 字」并给一段正/反示例。② 字段串味：明确提取边界——只从留言中提取，未提及一律填「未提供」，禁止推测。③ 耗时过长：长文本优先换非思考模式模型；必要时在 start 后加一层 code 截断（如前 1500 字）。 | R18: SQL | S18: 71 | T18: =IF(OR($R18="",$S18=""),"待测",IF(AND(ISNUMBER(SEARCH($R18,$J18)),IF($K18="",TRUE,$S18>=$K18),IF($L18="",TRUE,$S18<=$L18)),"通过","不通过")) -> 通过
A19: TC-16 | B19: 异常 | C19: 工作流功能 | D19: 多意图混杂取最高档 | E19: 金融 | F19: 100-499人 | G19: IT负责人/技术总监 | H19: 观看演示视频 | I19: 我们暂时没预算，但想问下支持API对接吗，另外报价多少 | J19: SQL | K19: 70 | L19: 88 | M19: 标签属于{集成需求,价格咨询}，不能是「随便看看」 | N19: 验证干扰词（没预算）不拉低分数，且取最高档意图 | O19: 预判：本地 77 分 SQL。风险：干扰词「暂时没预算」可能把模型带偏到「价格咨询」低档，总分跌到 60 附近或直接变 MQL；三个诉求（API/报价/预算）也可能只回应一个。 | P19: 意图评分（干扰词抗性） → 跟进建议生成 | Q19: ① 被打成低档：在「意图评分」prompt 补「多意图并存取最高档；『没预算』『先了解』『暂时不需要』等抑制词不影响档位判定」。② 话术漏诉求：在「跟进建议生成」prompt 要求「逐条回应客户留言中的每一个诉求，一条不漏」。 | R19: SQL | S19: 77 | T19: =IF(OR($R19="",$S19=""),"待测",IF(AND(ISNUMBER(SEARCH($R19,$J19)),IF($K19="",TRUE,$S19>=$K19),IF($L19="",TRUE,$S19<=$L19)),"通过","不通过")) -> 通过
A20: TC-17 | B20: 异常 | C20: 工作流功能 | D20: 兜底安全气囊（人为制造） | E20: 制造业 | F20: 100-499人 | G20: 采购/商务负责人 | H20: 下载白皮书 | I20: 支持API对接吗 | J20: MQL | K20: 45 | L20: 55 | M20: intent_score=8、标签=一般了解、流程不中断；本输入正常运行时应为 SQL，故须标注「人为制造异常」 | N20: 验证解析兜底生效——POC 现场不翻车的底气，也是工程健壮性的证明 | O20: 预判：正常情况下这句留言应判 SQL（约 68 分），人为破坏后走兜底 → 50 分 MQL、标签「一般了解」、intent_score=8，流程不中断。风险：兜底逻辑本身若抛异常，会变成整条链路中断，POC 现场直接翻车。 | P20: 意图结果解析（JSON 兜底） → 意图评分（输出格式约束） | Q20: ① 流程中断：在「意图结果解析」套 try/catch，解析失败时给默认输出（标签=一般了解 / 分=8 / 原因=解析失败）并继续跑完。② 兜底率 >5%：在「意图评分」prompt 贴标准 JSON 输出示例（含「只输出 JSON、不要任何解释」），或换支持结构化输出的模型。③ 兜底原因不可见：把兜底触发标记输出到 filter_reason / 结束节点，便于统计兜底率。 | R20: MQL | S20: 50 | T20: =IF(OR($R20="",$S20=""),"待测",IF(AND(ISNUMBER(SEARCH($R20,$J20)),IF($K20="",TRUE,$S20>=$K20),IF($L20="",TRUE,$S20<=$L20)),"通过","不通过")) -> 通过
A21: TC-18 | B21: 异常 | C21: 工作流功能 | D21: 中英混杂留言 | E21: 软件/互联网 | F21: 100-499人 | G21: IT负责人/技术总监 | H21: 访问集成对接页 | I21: Do you support API integration? 我们想接入自己的系统 | J21: SQL | K21: 75 | L21: 92 | M21: 标签=集成需求 | N21: 验证中英混杂能被正确识别，不因英文而误判为无效 | O21: 预判：本地 78 分 SQL，标签=集成需求。风险：模型可能因英文部分降低置信度，标签落到「一般了解」，意图分丢 20 分；或结构化提取把英文段落当成公司名。 | P21: 意图评分 → 结构化提取 | Q21: ① 标签降档：在「意图评分」prompt 注明「中英混杂一律按语义判定，不因语言降档」，并给中英对照关键词（API integration / API 对接、integrate / 集成、support / 支持）。② 提取串味：在「结构化提取」prompt 说明「留言可能中英混杂，请统一按中文语义提取字段」。 | R21: SQL | S21: 78 | T21: =IF(OR($R21="",$S21=""),"待测",IF(AND(ISNUMBER(SEARCH($R21,$J21)),IF($K21="",TRUE,$S21>=$K21),IF($L21="",TRUE,$S21<=$L21)),"通过","不通过")) -> 通过
A22: TC-19 | B22: 集成 | C22: API集成 | D22: 必填字段缺失被拦 | E22: 制造业 | F22: 500人以上 | G22: IT负责人/技术总监 | H22: 预约产品演示 | I22: （有意缺传 lead_raw 字段） | J22: 拦截 | K22: 0 | L22: 0 | M22: 接口返回 HTTP 400 invalid_param，错误信息明确；不进入工作流 | N22: 验证参数校验层在最外层生效，避免脏请求消耗模型额度 | O22: 预判：接口在网关层返回 HTTP 400 invalid_param，指明缺失字段，请求不进入工作流、不消耗模型额度。风险：若 start 节点未设 required，脏请求会一路跑到第一个 LLM 才失败，白烧一次额度并留下脏日志。 | P22: 开始节点（required 配置）/ API 网关校验 | Q22: ① 错误信息含糊：给 start 节点每个变量配中文 label（如「客户留言」），400 报错会带上 label，前端可直读。② 校验发生在流程内：把 6 个字段全部设为 required；前端提交前再做一次非空校验，双保险。 | T22: =IF(OR($R22="",$S22=""),"待测",IF(AND(ISNUMBER(SEARCH($R22,$J22)),IF($K22="",TRUE,$S22>=$K22),IF($L22="",TRUE,$S22<=$L22)),"通过","不通过")) -> 待测
A23: TC-20 | B23: 集成 | C23: API集成 | D23: 六字段正常调用出分 | E23: 制造业 | F23: 500人以上 | G23: IT负责人/技术总监 | H23: 预约产品演示、打开报价邮件 | I23: 我们是连锁零售企业，现有会员系统想接入你们的CRM，需要通过API把线下门店订单同步过来，另外想了解报价，希望本周安排演示 | J23: SQL | K23: 70 | L23: 95 | M23: outputs 含 sql_total_score / sql_grade / intent_tag / followup_advice；变量名带分支前缀且全局唯一；线上基线 73 分 | N23: 验证 API 契约与结束节点输出完整性（对应缺陷 D-06 的回归验证） | O23: 预判：线上基线 73 分 SQL，与本地一致；端到端约 98 秒，必须 streaming 调用。风险：结束节点输出变量前缀被改动（去前缀或改重名）时，前端 pick() 取不到值 → 显示 0 分或空白；推理模型还会让分数比本地偏保守 5 分左右。 | P23: 结束节点（输出契约） / 模型供应商 | Q23: ① 前端取不到分：核对 3 个结束节点输出变量是否仍为 sql_/mql_/invalid_ 前缀且全局唯一（Dify 要求工作流内输出变量名全局唯一）。② 分数偏离本地基线 >5：对比线上与本地模型差异；线上推理模型偏保守，建议换非思考模式（qwen-turbo / glm-4-flash）后重新发布。③ 契约防回归：把这 4 个字段名写进「通过标准」的「输出变量完整性」条目，每次发布后跑一遍 TC-20。 | R23: SQL | S23: 73 | T23: =IF(OR($R23="",$S23=""),"待测",IF(AND(ISNUMBER(SEARCH($R23,$J23)),IF($K23="",TRUE,$S23>=$K23),IF($L23="",TRUE,$S23<=$L23)),"通过","不通过")) -> 通过
A24: TC-21 | B24: 集成 | C24: API集成 | D24: 流式事件完整（streaming） | E24: 制造业 | F24: 500人以上 | G24: IT负责人/技术总监 | H24: 预约产品演示、打开报价邮件 | I24: 同上（金牌用例） | J24: SQL | K24: 70 | L24: 95 | M24: SSE 事件含 10 个 node_finished + 1 个 workflow_finished，无 error 事件 | N24: 验证流式链路完整性，替代会超时的 blocking 模式（对应缺陷 D-04） | O24: 预判：SSE 事件应含 10 个 node_finished + 1 个 workflow_finished，无 error 事件。风险：中间节点失败时，Dify 仍可能返回 HTTP 200 而以事件形式报错，前端若只判断 HTTP 状态码就会「静默空白」，用户看不到任何原因。 | P24: 全链路（事件流）/ 前端 SSE 解析 | Q24: ① 前端必须逐事件解析：node_finished 更新进度、workflow_finished 取 outputs、error/workflow_failed 立即中断并展示可读原因。② 网关/代理的 idle timeout 需 >120 秒，否则长任务会被中途掐断（表现就是 RemoteDisconnected）。③ 进度可见性：按钮上实时显示「已跑完：节点名」，把 98 秒的等待变成可感知的过程。 | T24: =IF(OR($R24="",$S24=""),"待测",IF(AND(ISNUMBER(SEARCH($R24,$J24)),IF($K24="",TRUE,$S24>=$K24),IF($L24="",TRUE,$S24<=$L24)),"通过","不通过")) -> 待测
A25: TC-22 | B25: 集成 | C25: API集成 | D25: 模型额度耗尽可读报错 | E25: 制造业 | F25: 500人以上 | G25: IT负责人/技术总监 | I25: 任意留言 | J25: 拦截 | K25: 0 | L25: 0 | M25: 返回 HTTP 400 Model quota exceeded；前端应显示明确提示而非白屏 | N25: 负向测试：额度/供应商异常时的可观测性（对应缺陷 D-03） | O25: 预判：HTTP 400「Model quota has been exceeded」，属可读报错。风险：额度耗尽发生在 LLM 节点时，可能以 workflow_finished(status=failed) 形式返回而非 400；前端若只按 !res.ok 判断就会漏掉，出现白屏。 | P25: 模型供应商配置 / LLM 节点 / 前端错误分支 | Q25: ① 换自有额度：配置智谱或通义（DashScope）供应商，把 4 个 LLM 节点与 rerank 节点全部换成自有 Key 后重新发布。② 前端兜底：catch 里统一展示可读提示，并附带「请检查模型额度或 API Key」的下一步指引，禁止白屏。③ 额度监控：演示前预留 10 次调用余量，避免讲到一半额度耗尽。 | T25: =IF(OR($R25="",$S25=""),"待测",IF(AND(ISNUMBER(SEARCH($R25,$J25)),IF($K25="",TRUE,$S25>=$K25),IF($L25="",TRUE,$S25<=$L25)),"通过","不通过")) -> 待测
A26: TC-23 | B26: 集成 | C26: API集成 | D26: 推理过程剥离验证 | E26: 制造业 | F26: 500人以上 | G26: IT负责人/技术总监 | H26: 预约产品演示、打开报价邮件 | I26: 同上（金牌用例） | J26: SQL | K26: 70 | L26: 95 | M26: 前端展示的 followup_advice 不含 <think> 片段；剥离后正文完整可读（线上原始输出含 think） | N26: 验证推理型模型思维链泄露的兜底处理（对应缺陷 D-05） | O26: 预判：线上原始 followup_advice 含 <think>…</think> 大段推理文本，前端 clean() 剥离后正文完整可读。风险：模型有时只输出未闭合的 <think（没有闭合标签），只匹配成对标签的正则会漏掉，页面仍会露出半截推理。 | P26: 跟进建议生成（prompt）/ LLM 节点模型选择 | Q26: ① 前端兜底：clean() 同时处理「成对标签」与「未闭合标签」两种情况（已实现）。② 根治一：在「跟进建议生成」prompt 加「禁止输出任何思考过程与自述，只输出最终话术」。③ 根治二：把该节点换成非思考模式模型——顺带解决 98 秒耗时问题。 | R26: SQL | S26: 73 | T26: =IF(OR($R26="",$S26=""),"待测",IF(AND(ISNUMBER(SEARCH($R26,$J26)),IF($K26="",TRUE,$S26>=$K26),IF($L26="",TRUE,$S26<=$L26)),"通过","不通过")) -> 通过
A27: TC-24 | B27: 集成 | C27: API集成 | D27: 无效/过期密钥被拒 | E27: 制造业 | F27: 500人以上 | G27: IT负责人/技术总监 | I27: 任意留言 | J27: 拦截 | K27: 0 | L27: 0 | M27: 返回 HTTP 401，提示未授权；前端提示密钥失效 | N27: 负向测试：鉴权边界，防止密钥轮换后静默失败 | O27: 预判：返回 HTTP 401（未授权）。风险：Dify 对错误 Key 也可能返回 400 invalid_param，前端若统一按「网络失败」提示会误导排查方向；密钥轮换后单页与多页两处常量常漏改一处。 | P27: 鉴权层 / 前端错误分支 | Q27: ① 分类提示：前端区分 401（密钥失效）/ 400（参数问题）/ 5xx（服务异常）三类文案，各自给下一步动作。② 防漏改：把 API Key、API URL 抽成两处页面共用的公共常量（或改走后端中转），轮换时只改一处。③ 长期：正式交付改为后端中转，前端不出现任何 Key（见「优化动作清单」最后一条）。 | T27: =IF(OR($R27="",$S27=""),"待测",IF(AND(ISNUMBER(SEARCH($R27,$J27)),IF($K27="",TRUE,$S27>=$K27),IF($L27="",TRUE,$S27<=$L27)),"通过","不通过")) -> 待测
A28: TC-25 | B28: 集成 | C28: API集成 | D28: 重复提交结果一致性 | E28: 制造业 | F28: 500人以上 | G28: IT负责人/技术总监 | H28: 预约产品演示、打开报价邮件 | I28: 同上（金牌用例，连发 3 次） | J28: SQL | K28: 70 | L28: 95 | M28: 3 次等级一致，总分极差 ≤5；无 5xx | N28: 验证温度与解析稳定性——分数抖动会直接摧毁销售对系统的信任 | O28: 预判：连发 3 次等级一致（SQL），总分极差 ≤5。风险：推理型模型 + 温度偏高时极差可能 >5，甚至等级跳变——销售看到「同一条线索三个分数」会立刻不信这套系统，这是最伤信任的失败模式。 | P28: 意图评分 / 跟进建议生成（温度与稳定性） | Q28: ① 温度统一降到 0.2（4 个 LLM 节点逐个检查，含 rerank）。② 意图档位补 few-shot 让边界互斥，减少跨档漂移。③ 极差仍 >5：在「总分汇总」把意图分离散成 10/20/30 三档，用牺牲一点精度换稳定性（销售场景里稳定 > 精确）。 | T28: =IF(OR($R28="",$S28=""),"待测",IF(AND(ISNUMBER(SEARCH($R28,$J28)),IF($K28="",TRUE,$S28>=$K28),IF($L28="",TRUE,$S28<=$L28)),"通过","不通过")) -> 待测
A29: TC-26 | B29: 集成 | C29: API集成 | D29: 线上无效线索分流 | E29: 学生个人 | F29: 个人/无 | G29: 学生 | I29: 你好，我是大学生，正在做毕业设计，想了解你们CRM的功能架构做参考 | J29: 无效 | K29: 0 | L29: 6 | M29: outputs 走 invalid_ 前缀分支，filter_reason 有内容，不产生话术 | N29: 验证线上环境的无效过滤分支，避免垃圾线索进入销售池 | O29: 预判：走 invalid_ 前缀分支，filter_reason 有内容，不产生话术、不触发检索（省一次 LLM）。风险：若「总分汇总」与「分级分流」两处阈值不一致，会出现「标签写无效、却走了 MQL 支线并生成培育话术」的错位——这也是三个结束节点输出变量必须加前缀的原因之一。 | P29: 分级分流（if-else）/ 总分汇总 | Q29: ① 出现「无效却生成话术」：同步「总分汇总」if-else 与「分级分流」两处阈值，两处必须永远一致。② filter_reason 为空：在「结束(无效过滤)」节点补默认文案（如「线索信息不足，未达跟进标准」），保证前端永远有内容可展示。③ 覆盖噪声：叠加「意图分 ≤5 强制 INVALID」规则，把闲聊、乱码类线索也锁在无效分支。 | T29: =IF(OR($R29="",$S29=""),"待测",IF(AND(ISNUMBER(SEARCH($R29,$J29)),IF($K29="",TRUE,$S29>=$K29),IF($L29="",TRUE,$S29<=$L29)),"通过","不通过")) -> 待测

Sheet 执行记录
A1: 序号 | B1: 执行时间 | C1: 执行环境 | D1: 执行方式 | E1: 输入摘要 | F1: 响应状态 | G1: 输出 / 结果摘要 | H1: 耗时(s) | I1: 结论 | J1: 关联缺陷
A2: 1 | B2: 2026-09-28 | C2: 本地 | D2: run_tests.py（1:1 复刻 DSL 评分逻辑） | E2: 20 条用例 · 第一轮 | F2: 成功 | G2: 18/20 通过（90%） | I2: 未通过：TC-07 阈值敏感区跳变、TC-17 兜底路径 | J2: D-09
A3: 2 | B3: 2026-09-28 | C3: 本地 | D3: run_tests.py（补档位例句后复测） | E3: 20 条用例 · 第二轮 | F3: 成功 | G3: 20/20 通过（100%） | I3: 达成 POC 验收标准（关键用例 100% 命中） | J3: —
A4: 3 | B4: 2026-10-02 09:47 | C4: Dify 云端 | D4: API blocking · 6 字段（旧 Key） | E4: 金牌用例（制造/500人+/IT负责人） | F4: HTTP 400 invalid_param | G4: input_text is required in input form | H4: 0.4 | I4: 线上仍为旧发布版本，画布改动未生效 | J4: D-01 / D-02
A5: 4 | B5: 2026-10-02 09:50 | C5: Dify 云端 | D5: API blocking · input_text（旧 Key） | E5: 同上一段留言文本 | F5: succeeded | G5: 仅返回 summary，无任何评分字段 | H5: 2.1 | I5: 确证线上运行的是旧「留言摘要」工作流 | J5: D-01 / D-02
A6: 5 | B6: 2026-10-02 10:20 | C6: Dify 云端 | D6: API blocking · 6 字段（新应用 Key） | E6: 金牌用例 | F6: HTTP 400 invalid_param | G6: Model quota has been exceeded | H6: 0.6 | I6: Sandbox 免费模型额度耗尽（参数校验已通过） | J6: D-03
A7: 6 | B7: 2026-10-02 10:40 | C7: Dify 云端 | D7: API blocking · 6 字段 | E7: 金牌用例 | F7: RemoteDisconnected | G7: 远端断开、无响应（连接被掐断） | H7: 100 | I7: blocking 模式云端 100 秒上限，完整评分约需 98 秒 | J7: D-04
A8: 7 | B8: 2026-10-02 11:00 | C8: Dify 云端 | D8: API streaming · 6 字段（最新 Key） | E8: 金牌用例 | F8: succeeded | G8: 73 分 / SQL / 意图=一般了解 / 跟进话术已生成；10 节点全 success | H8: 98 | I8: 端到端打通，结果与本地基线一致 | J8: D-05
A9: 8 | B9: 2026-10-02 11:15 | C9: 前端页面（file:// 直连） | D9: 浏览器 fetch streaming + SSE 解析 | E9: 金牌用例 | F9: 渲染成功 | G9: 环形图 73 分 / SQL 徽章 / 话术已剥离 think 片段 | H9: 98 | I9: 演示链路（单页 + 三页应用）可用 | J9: —

Sheet 缺陷与修复记录
A1: 缺陷编号 | B1: 发现时间 | C1: 严重级 | D1: 现象 | E1: 根因 | F1: 影响面 | G1: 修复动作 | H1: 状态 | I1: 验证结果
A2: D-01 | B2: 2026-10-02 | C2: 阻断 | D2: 线上 API 调用报 input_text is required，且仅返回 summary | E2: 画布改动后未点「发布 → 发布更新」，API 始终运行上一次发布的快照 | F2: 线上评分能力完全缺失，前端只能拿到摘要 | G2: 画布右上角「发布」→ 弹窗内点「发布更新」 | H2: 已修复 | I2: 6 字段调用通过参数校验
A3: D-02 | B3: 2026-10-02 | C3: 阻断 | D3: 前端调用结果与画布配置不一致 | E3: 重新导入 DSL 建了新应用，前端仍在使用旧应用的 API Key | F3: 调用打到旧应用，评分链路永远不生效 | G3: 改用新应用密钥，同步替换单页/多页两处前端常量 | H3: 已修复 | I3: streaming 实测成功返回评分
A4: D-03 | B4: 2026-10-02 | C4: 阻断 | D4: HTTP 400：Model quota has been exceeded | E4: Dify Sandbox 免费 200 次官方模型调用额度被测试耗尽 | F4: 任何评分请求都无法执行 | G4: 配置自有模型供应商（智谱/通义）并把 4 个 LLM 节点换成自有模型后重新发布 | H4: 已修复 | I4: 复测 10 节点全部 success
A5: D-04 | B5: 2026-10-02 | C5: 高 | D5: 调用返回 RemoteDisconnected（远端无响应断开） | E5: blocking 模式受云端 100 秒上限约束，而完整评分耗时约 98 秒，处于临界 | F5: 偶发调用失败、前端白屏 | G5: 前端改为 streaming（SSE），并实时显示「已跑完：节点名」进度 | H5: 已修复 | I5: SSE 事件完整（10 节点 + 1 完成事件）
A6: D-05 | B6: 2026-10-02 | C6: 中 | D6: 话术输出中夹带 <think>…</think> 推理过程大段文本 | E6: 使用推理型模型，思维链随正文一并输出 | F6: 演示观感差、暴露内部提示工程细节 | G6: 前端 render 增加 clean()：剥离闭合与未闭合的 think 段 | H6: 已修复 | I6: 页面展示干净话术
A7: D-06 | B7: 2026-10-02 | C7: 高 | D7: 发布检查清单报 6 条「变量重复」 | E7: 3 个结束节点均输出 total_score / grade，而 Dify 要求工作流内输出变量名全局唯一 | F7: 工作流无法发布 | G7: 输出变量加分支前缀：sql_ / mql_ / invalid_ | H7: 已修复 | I7: 10 个输出变量全局唯一、校验通过
A8: D-07 | B8: 2026-10-02 | C8: 高 | D8: 知识库节点报 dataset_ids 为空 | E8: 「产品知识检索」节点未绑定任何知识库 | F8: 无法发布；RAG 卖点失效 | G8: 云端建库（合并版文档）并绑定检索节点 | H8: 已修复 | I8: 检索节点返回结果非空
A9: D-08 | B9: 2026-10-02 | C9: 中 | D9: 前端报 Cannot access 'arc' before initialization | E9: 兜底分支引用了同函数内后置声明的 const 变量，触发暂时性死区（TDZ） | F9: 页面报错、结果区无法渲染 | G9: 改为 document.getElementById('arc') 即时获取元素 | H9: 已修复 | I9: JS 语法与运行校验通过
A10: D-09 | B10: 2026-09-28 | C10: 中 | D10: 本地第一轮 2 条用例未通过（阈值敏感区 / 兜底路径） | E10: 意图档位描述边界重叠；提示词未给出输出格式示例 | F10: 通过率 90%，未达验收标准 | G10: 补每档例句（few-shot）、强化输出格式约束后复测 | H10: 已修复 | I10: 第二轮 20/20 通过（100%）

Sheet 通过标准
A1: 指标 | B1: 标准 | C1: 口径 / 为什么这么定
A2: 关键用例通过率 | B2: TC-01（SQL）、TC-05/TC-26（无效）必须 100% | C2: 业务命门：漏掉高价值客户 / 放行垃圾线索的代价最大
A3: 等级判定一致率 | B3: ≥ 80%（AI vs 人工双盲） | C3: POC 期最实用的指标——销售认不认可，比数学准确率更重要
A4: 分数抖动 | B4: 同一条跑 3 次，极差 ≤ ±5 分 | C4: 分数飘忽销售就不信，可解释性直接崩掉
A5: 数值边界不越界 | B5: 属性分 0-45、行为分 0-25、意图分 0-30、总分 ≤100 | C5: 防止封顶/夹紧逻辑失效导致总分爆表
A6: 兜底命中率 | B6: ≤ 5% | C6: 兜底太多说明提示词约束不足或模型能力不够
A7: 单条处理耗时 | B7: 本地 ≤30 秒；云端端到端 ≤120 秒 | C7: 本地对齐案例文档验收标准；云端受模型推理与检索影响放宽
A8: 输出变量完整性 | B8: 3 条分支输出字段齐全，变量名全局唯一 | C8: 结束节点输出是 API 消费契约，缺失即前端断链
A9: 错误可读性 | B9: 4xx 返回明确 message，前端展示可读提示 | C9: 额度/密钥/参数异常时不能白屏，POC 现场要能自解释
A10: 内容安全 | B10: 话术不含思维链、不编造知识库未覆盖的功能 | C10: RAG 幻觉与推理过程泄露都会直接摧毁客户信任
A11: 可归因性 | B11: 每条用例都能定位到具体节点并给出改法 | C11: 报告的价值不在「发现失败」，而在「失败后 5 分钟内能改对」——预判/卡点/方案三列就是这个承诺的载体

Sheet 优化动作清单
A1: 症状 | B1: 可能原因 | C1: 对应动作 | D1: 关联用例
A2: 端到端耗时约 98 秒，偏长 | B2: 推理型模型思考耗时占大头 | C2: 把 4 个 LLM 节点换成非思考模式（qwen-turbo/qwen-flash 关思考，或 glm-4-flash），预计可降到 40 秒内 | D2: TC-20 / TC-21 / TC-25
A3: 高意向意图被判「一般了解」 | B3: 意图档位描述偏保守、边界重叠 | C3: 在意图评分 system prompt 里给每档补一个例句（few-shot），并把「集成/报价/演示」明确写入最高档触发词 | D3: TC-01 / TC-02 / TC-16 / TC-18
A4: 话术带出推理过程 | B4: 模型为推理型，思维链随正文输出 | C4: 前端已做 think 剥离兜底；根治方式是换模型或在 prompt 中要求「只输出最终话术」 | D4: TC-23
A5: 分数普遍偏低 / 高意向被判 MQL | B5: 阈值太保守，或缺行为数据 | C5: 用真实成交样本回测校准阈值；确认客户能否提供行为字段（缺行为分则总分上限只有 75） | D5: TC-03 / TC-04 / TC-07
A6: 同一条线索分数每次不一样 | B6: 温度太高 / 档位边界模糊 | C6: 温度降到 0.2；补齐 few-shot 例句让档位互斥；必要时把意图分离散成 10/20/30 三档 | D6: TC-25 / TC-07
A7: 话术答非所问 | B7: 检索没取到对的资料 | C7: 检查知识库分段粒度、开启 rerank、把检索 query 从留言原文换成提取后的关键词 | D7: TC-01 / TC-16
A8: 话术编造产品功能 | B8: 提示词约束不够 | C8: 强化「资料未覆盖的写需与产品团队确认」；补充知识库覆盖该话题 | D8: TC-01 / TC-26
A9: 经常走兜底分支 | B9: 提示词没给输出格式示例 | C9: 提示词里贴标准 JSON 示例；或换支持结构化输出的模型；同时把兜底率输出到结束节点便于统计 | D9: TC-17
A10: 无效线索也消耗模型额度 | B10: 分支位置太靠后 | C10: 把可前置的规则判断提前；叠加「意图分 ≤5 强制 INVALID」规则；注意提取与意图评分两次调用不可避免 | D10: TC-05 / TC-13 / TC-14 / TC-19 / TC-22 / TC-26
A11: 演示链路依赖写死在前端的 Key | B11: Demo 形态限制 | C11: 正式交付改为后端中转（Node/Python 云函数）隐藏 Key，并加限流与调用日志；轮换期先抽成两页共用常量 | D11: TC-24
