Workbook

Sheet 测试记录表
A1: 用例编号 | B1: 层次 | C1: 预期等级 | D1: 预期下限 | E1: 预期上限 | F1: 关键校验点 | G1: 实际总分 | H1: 实际等级 | I1: 关键词命中 | J1: 判定 | K1: 归因备注（错在哪一环）
A2: TC-01 | B2: =IFERROR(VLOOKUP($A2,测试用例集!$A:$M,2,FALSE),"") | C2: =IFERROR(VLOOKUP($A2,测试用例集!$A:$M,9,FALSE),"") | D2: =IFERROR(VLOOKUP($A2,测试用例集!$A:$M,10,FALSE),"") | E2: =IFERROR(VLOOKUP($A2,测试用例集!$A:$M,11,FALSE),"") | F2: =IFERROR(VLOOKUP($A2,测试用例集!$A:$M,12,FALSE),"") | G2: 91 | H2: SQL | I2: 是 | J2: =IF(OR($G2="",$H2=""),"待测",IF(AND(ISNUMBER(SEARCH($H2,$C2)),IF($D2="",TRUE,$G2>=$D2),IF($E2="",TRUE,$G2<=$E2),OR($I2="是",$I2="—")),"通过","不通过"))
A3: TC-02 | B3: =IFERROR(VLOOKUP($A3,测试用例集!$A:$M,2,FALSE),"") | C3: =IFERROR(VLOOKUP($A3,测试用例集!$A:$M,9,FALSE),"") | D3: =IFERROR(VLOOKUP($A3,测试用例集!$A:$M,10,FALSE),"") | E3: =IFERROR(VLOOKUP($A3,测试用例集!$A:$M,11,FALSE),"") | F3: =IFERROR(VLOOKUP($A3,测试用例集!$A:$M,12,FALSE),"") | G3: 78 | H3: SQL | I3: 是 | J3: =IF(OR($G3="",$H3=""),"待测",IF(AND(ISNUMBER(SEARCH($H3,$C3)),IF($D3="",TRUE,$G3>=$D3),IF($E3="",TRUE,$G3<=$E3),OR($I3="是",$I3="—")),"通过","不通过"))
A4: TC-03 | B4: =IFERROR(VLOOKUP($A4,测试用例集!$A:$M,2,FALSE),"") | C4: =IFERROR(VLOOKUP($A4,测试用例集!$A:$M,9,FALSE),"") | D4: =IFERROR(VLOOKUP($A4,测试用例集!$A:$M,10,FALSE),"") | E4: =IFERROR(VLOOKUP($A4,测试用例集!$A:$M,11,FALSE),"") | F4: =IFERROR(VLOOKUP($A4,测试用例集!$A:$M,12,FALSE),"") | G4: 43 | H4: MQL | I4: — | J4: =IF(OR($G4="",$H4=""),"待测",IF(AND(ISNUMBER(SEARCH($H4,$C4)),IF($D4="",TRUE,$G4>=$D4),IF($E4="",TRUE,$G4<=$E4),OR($I4="是",$I4="—")),"通过","不通过"))
A5: TC-04 | B5: =IFERROR(VLOOKUP($A5,测试用例集!$A:$M,2,FALSE),"") | C5: =IFERROR(VLOOKUP($A5,测试用例集!$A:$M,9,FALSE),"") | D5: =IFERROR(VLOOKUP($A5,测试用例集!$A:$M,10,FALSE),"") | E5: =IFERROR(VLOOKUP($A5,测试用例集!$A:$M,11,FALSE),"") | F5: =IFERROR(VLOOKUP($A5,测试用例集!$A:$M,12,FALSE),"") | G5: 33 | H5: MQL | I5: — | J5: =IF(OR($G5="",$H5=""),"待测",IF(AND(ISNUMBER(SEARCH($H5,$C5)),IF($D5="",TRUE,$G5>=$D5),IF($E5="",TRUE,$G5<=$E5),OR($I5="是",$I5="—")),"通过","不通过"))
A6: TC-05 | B6: =IFERROR(VLOOKUP($A6,测试用例集!$A:$M,2,FALSE),"") | C6: =IFERROR(VLOOKUP($A6,测试用例集!$A:$M,9,FALSE),"") | D6: =IFERROR(VLOOKUP($A6,测试用例集!$A:$M,10,FALSE),"") | E6: =IFERROR(VLOOKUP($A6,测试用例集!$A:$M,11,FALSE),"") | F6: =IFERROR(VLOOKUP($A6,测试用例集!$A:$M,12,FALSE),"") | G6: 3 | H6: 无效 | I6: — | J6: =IF(OR($G6="",$H6=""),"待测",IF(AND(ISNUMBER(SEARCH($H6,$C6)),IF($D6="",TRUE,$G6>=$D6),IF($E6="",TRUE,$G6<=$E6),OR($I6="是",$I6="—")),"通过","不通过"))
A7: TC-06 | B7: =IFERROR(VLOOKUP($A7,测试用例集!$A:$M,2,FALSE),"") | C7: =IFERROR(VLOOKUP($A7,测试用例集!$A:$M,9,FALSE),"") | D7: =IFERROR(VLOOKUP($A7,测试用例集!$A:$M,10,FALSE),"") | E7: =IFERROR(VLOOKUP($A7,测试用例集!$A:$M,11,FALSE),"") | F7: =IFERROR(VLOOKUP($A7,测试用例集!$A:$M,12,FALSE),"") | G7: 15 | H7: 无效 | I7: — | J7: =IF(OR($G7="",$H7=""),"待测",IF(AND(ISNUMBER(SEARCH($H7,$C7)),IF($D7="",TRUE,$G7>=$D7),IF($E7="",TRUE,$G7<=$E7),OR($I7="是",$I7="—")),"通过","不通过"))
A8: TC-07 | B8: =IFERROR(VLOOKUP($A8,测试用例集!$A:$M,2,FALSE),"") | C8: =IFERROR(VLOOKUP($A8,测试用例集!$A:$M,9,FALSE),"") | D8: =IFERROR(VLOOKUP($A8,测试用例集!$A:$M,10,FALSE),"") | E8: =IFERROR(VLOOKUP($A8,测试用例集!$A:$M,11,FALSE),"") | F8: =IFERROR(VLOOKUP($A8,测试用例集!$A:$M,12,FALSE),"") | G8: 57 | H8: MQL | I8: — | J8: =IF(OR($G8="",$H8=""),"待测",IF(AND(ISNUMBER(SEARCH($H8,$C8)),IF($D8="",TRUE,$G8>=$D8),IF($E8="",TRUE,$G8<=$E8),OR($I8="是",$I8="—")),"通过","不通过"))
A9: TC-08A | B9: =IFERROR(VLOOKUP($A9,测试用例集!$A:$M,2,FALSE),"") | C9: =IFERROR(VLOOKUP($A9,测试用例集!$A:$M,9,FALSE),"") | D9: =IFERROR(VLOOKUP($A9,测试用例集!$A:$M,10,FALSE),"") | E9: =IFERROR(VLOOKUP($A9,测试用例集!$A:$M,11,FALSE),"") | F9: =IFERROR(VLOOKUP($A9,测试用例集!$A:$M,12,FALSE),"") | G9: 54 | H9: MQL | I9: — | J9: =IF(OR($G9="",$H9=""),"待测",IF(AND(ISNUMBER(SEARCH($H9,$C9)),IF($D9="",TRUE,$G9>=$D9),IF($E9="",TRUE,$G9<=$E9),OR($I9="是",$I9="—")),"通过","不通过"))
A10: TC-08B | B10: =IFERROR(VLOOKUP($A10,测试用例集!$A:$M,2,FALSE),"") | C10: =IFERROR(VLOOKUP($A10,测试用例集!$A:$M,9,FALSE),"") | D10: =IFERROR(VLOOKUP($A10,测试用例集!$A:$M,10,FALSE),"") | E10: =IFERROR(VLOOKUP($A10,测试用例集!$A:$M,11,FALSE),"") | F10: =IFERROR(VLOOKUP($A10,测试用例集!$A:$M,12,FALSE),"") | G10: 68 | H10: SQL | I10: — | J10: =IF(OR($G10="",$H10=""),"待测",IF(AND(ISNUMBER(SEARCH($H10,$C10)),IF($D10="",TRUE,$G10>=$D10),IF($E10="",TRUE,$G10<=$E10),OR($I10="是",$I10="—")),"通过","不通过"))
A11: TC-09 | B11: =IFERROR(VLOOKUP($A11,测试用例集!$A:$M,2,FALSE),"") | C11: =IFERROR(VLOOKUP($A11,测试用例集!$A:$M,9,FALSE),"") | D11: =IFERROR(VLOOKUP($A11,测试用例集!$A:$M,10,FALSE),"") | E11: =IFERROR(VLOOKUP($A11,测试用例集!$A:$M,11,FALSE),"") | F11: =IFERROR(VLOOKUP($A11,测试用例集!$A:$M,12,FALSE),"") | G11: 96 | H11: SQL | I11: — | J11: =IF(OR($G11="",$H11=""),"待测",IF(AND(ISNUMBER(SEARCH($H11,$C11)),IF($D11="",TRUE,$G11>=$D11),IF($E11="",TRUE,$G11<=$E11),OR($I11="是",$I11="—")),"通过","不通过"))
A12: TC-10A | B12: =IFERROR(VLOOKUP($A12,测试用例集!$A:$M,2,FALSE),"") | C12: =IFERROR(VLOOKUP($A12,测试用例集!$A:$M,9,FALSE),"") | D12: =IFERROR(VLOOKUP($A12,测试用例集!$A:$M,10,FALSE),"") | E12: =IFERROR(VLOOKUP($A12,测试用例集!$A:$M,11,FALSE),"") | F12: =IFERROR(VLOOKUP($A12,测试用例集!$A:$M,12,FALSE),"") | G12: 54 | H12: MQL | I12: — | J12: =IF(OR($G12="",$H12=""),"待测",IF(AND(ISNUMBER(SEARCH($H12,$C12)),IF($D12="",TRUE,$G12>=$D12),IF($E12="",TRUE,$G12<=$E12),OR($I12="是",$I12="—")),"通过","不通过"))
A13: TC-10B | B13: =IFERROR(VLOOKUP($A13,测试用例集!$A:$M,2,FALSE),"") | C13: =IFERROR(VLOOKUP($A13,测试用例集!$A:$M,9,FALSE),"") | D13: =IFERROR(VLOOKUP($A13,测试用例集!$A:$M,10,FALSE),"") | E13: =IFERROR(VLOOKUP($A13,测试用例集!$A:$M,11,FALSE),"") | F13: =IFERROR(VLOOKUP($A13,测试用例集!$A:$M,12,FALSE),"") | G13: 3 | H13: 无效 | I13: — | J13: =IF(OR($G13="",$H13=""),"待测",IF(AND(ISNUMBER(SEARCH($H13,$C13)),IF($D13="",TRUE,$G13>=$D13),IF($E13="",TRUE,$G13<=$E13),OR($I13="是",$I13="—")),"通过","不通过")) | K13: R1 基线未过（9 分），已按盲区修复后复测通过
A14: TC-11 | B14: =IFERROR(VLOOKUP($A14,测试用例集!$A:$M,2,FALSE),"") | C14: =IFERROR(VLOOKUP($A14,测试用例集!$A:$M,9,FALSE),"") | D14: =IFERROR(VLOOKUP($A14,测试用例集!$A:$M,10,FALSE),"") | E14: =IFERROR(VLOOKUP($A14,测试用例集!$A:$M,11,FALSE),"") | F14: =IFERROR(VLOOKUP($A14,测试用例集!$A:$M,12,FALSE),"") | G14: 49 | H14: MQL | I14: — | J14: =IF(OR($G14="",$H14=""),"待测",IF(AND(ISNUMBER(SEARCH($H14,$C14)),IF($D14="",TRUE,$G14>=$D14),IF($E14="",TRUE,$G14<=$E14),OR($I14="是",$I14="—")),"通过","不通过"))
A15: TC-12 | B15: =IFERROR(VLOOKUP($A15,测试用例集!$A:$M,2,FALSE),"") | C15: =IFERROR(VLOOKUP($A15,测试用例集!$A:$M,9,FALSE),"") | D15: =IFERROR(VLOOKUP($A15,测试用例集!$A:$M,10,FALSE),"") | E15: =IFERROR(VLOOKUP($A15,测试用例集!$A:$M,11,FALSE),"") | F15: =IFERROR(VLOOKUP($A15,测试用例集!$A:$M,12,FALSE),"") | G15: 3 | H15: 无效 | I15: — | J15: =IF(OR($G15="",$H15=""),"待测",IF(AND(ISNUMBER(SEARCH($H15,$C15)),IF($D15="",TRUE,$G15>=$D15),IF($E15="",TRUE,$G15<=$E15),OR($I15="是",$I15="—")),"通过","不通过")) | K15: R1 基线未过（9 分），已按盲区修复后复测通过
A16: TC-13 | B16: =IFERROR(VLOOKUP($A16,测试用例集!$A:$M,2,FALSE),"") | C16: =IFERROR(VLOOKUP($A16,测试用例集!$A:$M,9,FALSE),"") | D16: =IFERROR(VLOOKUP($A16,测试用例集!$A:$M,10,FALSE),"") | E16: =IFERROR(VLOOKUP($A16,测试用例集!$A:$M,11,FALSE),"") | F16: =IFERROR(VLOOKUP($A16,测试用例集!$A:$M,12,FALSE),"") | G16: 0 | H16: 拦截 | I16: — | J16: =IF(OR($G16="",$H16=""),"待测",IF(AND(ISNUMBER(SEARCH($H16,$C16)),IF($D16="",TRUE,$G16>=$D16),IF($E16="",TRUE,$G16<=$E16),OR($I16="是",$I16="—")),"通过","不通过")) | K16: 未进入工作流（必填校验拦截）
A17: TC-14 | B17: =IFERROR(VLOOKUP($A17,测试用例集!$A:$M,2,FALSE),"") | C17: =IFERROR(VLOOKUP($A17,测试用例集!$A:$M,9,FALSE),"") | D17: =IFERROR(VLOOKUP($A17,测试用例集!$A:$M,10,FALSE),"") | E17: =IFERROR(VLOOKUP($A17,测试用例集!$A:$M,11,FALSE),"") | F17: =IFERROR(VLOOKUP($A17,测试用例集!$A:$M,12,FALSE),"") | G17: 20 | H17: 无效 | I17: — | J17: =IF(OR($G17="",$H17=""),"待测",IF(AND(ISNUMBER(SEARCH($H17,$C17)),IF($D17="",TRUE,$G17>=$D17),IF($E17="",TRUE,$G17<=$E17),OR($I17="是",$I17="—")),"通过","不通过"))
A18: TC-15 | B18: =IFERROR(VLOOKUP($A18,测试用例集!$A:$M,2,FALSE),"") | C18: =IFERROR(VLOOKUP($A18,测试用例集!$A:$M,9,FALSE),"") | D18: =IFERROR(VLOOKUP($A18,测试用例集!$A:$M,10,FALSE),"") | E18: =IFERROR(VLOOKUP($A18,测试用例集!$A:$M,11,FALSE),"") | F18: =IFERROR(VLOOKUP($A18,测试用例集!$A:$M,12,FALSE),"") | G18: 71 | H18: SQL | I18: — | J18: =IF(OR($G18="",$H18=""),"待测",IF(AND(ISNUMBER(SEARCH($H18,$C18)),IF($D18="",TRUE,$G18>=$D18),IF($E18="",TRUE,$G18<=$E18),OR($I18="是",$I18="—")),"通过","不通过"))
A19: TC-16 | B19: =IFERROR(VLOOKUP($A19,测试用例集!$A:$M,2,FALSE),"") | C19: =IFERROR(VLOOKUP($A19,测试用例集!$A:$M,9,FALSE),"") | D19: =IFERROR(VLOOKUP($A19,测试用例集!$A:$M,10,FALSE),"") | E19: =IFERROR(VLOOKUP($A19,测试用例集!$A:$M,11,FALSE),"") | F19: =IFERROR(VLOOKUP($A19,测试用例集!$A:$M,12,FALSE),"") | G19: 77 | H19: SQL | I19: 是 | J19: =IF(OR($G19="",$H19=""),"待测",IF(AND(ISNUMBER(SEARCH($H19,$C19)),IF($D19="",TRUE,$G19>=$D19),IF($E19="",TRUE,$G19<=$E19),OR($I19="是",$I19="—")),"通过","不通过"))
A20: TC-17 | B20: =IFERROR(VLOOKUP($A20,测试用例集!$A:$M,2,FALSE),"") | C20: =IFERROR(VLOOKUP($A20,测试用例集!$A:$M,9,FALSE),"") | D20: =IFERROR(VLOOKUP($A20,测试用例集!$A:$M,10,FALSE),"") | E20: =IFERROR(VLOOKUP($A20,测试用例集!$A:$M,11,FALSE),"") | F20: =IFERROR(VLOOKUP($A20,测试用例集!$A:$M,12,FALSE),"") | G20: 50 | H20: MQL | I20: 是 | J20: =IF(OR($G20="",$H20=""),"待测",IF(AND(ISNUMBER(SEARCH($H20,$C20)),IF($D20="",TRUE,$G20>=$D20),IF($E20="",TRUE,$G20<=$E20),OR($I20="是",$I20="—")),"通过","不通过")) | K20: 意图解析兜底生效
A21: TC-18 | B21: =IFERROR(VLOOKUP($A21,测试用例集!$A:$M,2,FALSE),"") | C21: =IFERROR(VLOOKUP($A21,测试用例集!$A:$M,9,FALSE),"") | D21: =IFERROR(VLOOKUP($A21,测试用例集!$A:$M,10,FALSE),"") | E21: =IFERROR(VLOOKUP($A21,测试用例集!$A:$M,11,FALSE),"") | F21: =IFERROR(VLOOKUP($A21,测试用例集!$A:$M,12,FALSE),"") | G21: 78 | H21: SQL | I21: 是 | J21: =IF(OR($G21="",$H21=""),"待测",IF(AND(ISNUMBER(SEARCH($H21,$C21)),IF($D21="",TRUE,$G21>=$D21),IF($E21="",TRUE,$G21<=$E21),OR($I21="是",$I21="—")),"通过","不通过"))
A23: 统计 | B23: 条数 | C23: 口径
A24: 通过 | B24: =COUNTIF($J$2:$J$21,"通过") | C24: 等级命中 + 分数在区间 + 关键词命中
A25: 不通过 | B25: =COUNTIF($J$2:$J$21,"不通过") | C25: 任一判定条件未满足
A26: 待测 | B26: =COUNTIF($J$2:$J$21,"待测") | C26: 实际总分或实际等级未填
A27: 通过率 | B27: =IF(COUNTA($J$2:$J$21)=0,"",COUNTIF($J$2:$J$21,"通过")/COUNTA($J$2:$J$21)) | C27: 通过条数 ÷ 用例总数（目标 100%）

Sheet 测试用例集
A1: 用例编号 | B1: 层次 | C1: 用例名称 | D1: 行业 | E1: 公司规模 | F1: 岗位 | G1: 近期行为 | H1: 客户留言 | I1: 预期等级 | J1: 预期总分下限 | K1: 预期总分上限 | L1: 关键校验点 | M1: 设计理由
A2: TC-01 | B2: 正常 | C2: 高分线索判 SQL | D2: 制造业 | E2: 500人以上 | F2: IT负责人/技术总监 | G2: 打开报价邮件、访问集成对接页 | H2: 我们旧CRM想嵌AI评分，支持API对接吗？ | I2: SQL | J2: 85 | K2: 95 | L2: 话术必须出现「API」或「集成」；标签=集成需求 | M2: 验证最高档意图（集成需求）是否生效，SQL 支线 RAG 检索与话术生成是否跑通
A3: TC-02 | B3: 正常 | C3: 询价+约演示判 SQL | D3: 软件/互联网 | E3: 100-499人 | F3: 采购/商务负责人 | G3: 预约产品演示 | H3: 想约个演示，顺便问下报价 | I3: SQL | J3: 70 | K3: 85 | L3: 标签属于{价格咨询,演示试用}；建议四段小标题齐全 | M3: 验证中高意图识别，以及多意图并存时取最高档
A4: TC-03 | B4: 正常 | C4: 弱画像弱行为判 MQL | D4: 金融 | E4: 20-99人 | F4: 普通员工 | G4: 下载白皮书 | H4: 想了解一下你们的产品功能 | I4: MQL | J4: 38 | K4: 50 | L4: 不得越级为 SQL；出口含培育方案 | M4: 检验弱画像+弱行为组合是否正确落入培育池
A5: TC-04 | B5: 正常 | C5: MQL 培育方案完整 | D5: 教育 | E5: 20-99人 | F5: 销售/市场负责人 | G5: 下载白皮书 | H5: 看看有没有合适的方案，先了解下 | I5: MQL | J5: 33 | K5: 45 | L5: nurture_plan 三要素齐全（推荐资料/触达文案/下次触达） | M5: 验证 MQL 支线培育内容生成正常
A6: TC-05 | B6: 正常 | C6: 学生线索自动过滤 | D6: 学生个人 | E6: 个人/无 | F6: 学生 | H6: 写作业需要了解CRM | I6: 无效 | J6: 0 | K6: 5 | L6: filter_reason 有内容；不触发知识库检索与话术生成 | M6: 关键用例：负分行业+负分规模是否被夹紧到 0 且被拦截
A7: TC-06 | B7: 正常 | C7: 未收录行业走默认分 | D7: 其他 | E7: 1-19人 | F7: 普通员工 | H7: 随便看看 | I7: 无效 | J7: 8 | K7: 20 | L7: 流程不报错；属性分不因「其他」而异常 | M7: 验证不在字典里的行业值走默认分、不报错
A8: TC-07 | B8: 边界 | C8: 卡在 60 分线上 | D8: 制造业 | E8: 100-499人 | F8: IT负责人/技术总监 | G8: 下载白皮书 | H8: 想了解下功能细节 | I8: SQL或MQL | J8: 55 | K8: 65 | L8: 记录实际分数；同一条跑 3 次看等级是否跳变 | M8: 暴露阈值敏感区，为 60/30 阈值校准提供依据
A9: TC-08A | B9: 边界 | C9: 同画像对照组（弱意图） | D9: 制造业 | E9: 100-499人 | F9: 采购/商务负责人 | G9: 下载白皮书 | H9: 想了解下功能 | I9: MQL | J9: 52 | K9: 58 | L9: 与 TC-08B 同画像；B 组总分应高出本组 ≥10 分 | M9: 检验意图分的区分度（只换一句留言，其余字段完全相同）
A10: TC-08B | B10: 边界 | C10: 同画像对照组（强意图） | D10: 制造业 | E10: 100-499人 | F10: 采购/商务负责人 | G10: 下载白皮书 | H10: 支持API对接吗 | I10: SQL | J10: 67 | K10: 72 | L10: 与 TC-08A 比较：总分高出 ≥10 分且等级升为 SQL | M10: 检验意图分的区分度（只换一句留言，其余字段完全相同）
A11: TC-09 | B11: 边界 | C11: 行为分封顶 25 | D11: 软件/互联网 | E11: 500人以上 | F11: IT负责人/技术总监 | G11: 预约产品演示、打开报价邮件、观看演示视频、访问集成对接页、下载白皮书、一周内多次访问官网 | H11: 想看下你们的集成方案，支持API吗 | I11: SQL | J11: 88 | K11: 100 | L11: behavior_score 必须=25（原始相加为 70）；总分≤100 | M11: 验证行为分封顶逻辑生效，否则总分可能爆表
A12: TC-10A | B12: 边界 | C12: 属性分上限夹紧 45 | D12: 软件/互联网 | E12: 500人以上 | F12: IT负责人/技术总监 | H12: 咨询下产品 | I12: MQL | J12: 50 | K12: 60 | L12: attribute_score 必须=45，不得超过 | M12: 验证属性分上限夹紧，防止单项极值把总分带偏
A13: TC-10B | B13: 边界 | C13: 属性分下限夹紧 0 | D13: 学生个人 | E13: 个人/无 | F13: 学生 | H13: 老师让我们调研CRM产品 | I13: 无效 | J13: 0 | K13: 6 | L13: attribute_score 必须=0（不能是 -25） | M13: 验证负数被夹紧到 0，不污染总分与漏斗统计
A14: TC-11 | B14: 边界 | C14: 行为词未命中字典 | D14: 制造业 | E14: 100-499人 | F14: IT负责人/技术总监 | G14: 预约演示 | H14: 想了解下功能细节 | I14: MQL | J14: 45 | K14: 55 | L14: behavior_score=0（行为词未命中字典）；应记为待修复的配置问题 | M14: 负向测试：故意用不匹配的行为词，主动挖出字典键与输入选项不一致的风险
A15: TC-12 | B15: 边界 | C15: 学生伪装调研被拦 | D15: 学生个人 | E15: 1-19人 | F15: 学生 | H15: 老师让我们调研一下CRM产品 | I15: 无效 | J15: 0 | K15: 6 | L15: attribute_score=0；意图分<5 | M15: 验证「调研」这类正经词不会把学生线索抬成 MQL
A16: TC-13 | B16: 异常 | C16: 留言留空被校验拦下 | D16: 制造业 | E16: 100-499人 | F16: IT负责人/技术总监 | I16: 拦截 | J16: 0 | K16: 0 | L16: 提交时应被必填校验拦下，不进入流程；实际总分填 0 表示未产生分数 | M16: 验证入参校验层生效——挡在最前面的防线
A17: TC-14 | B17: 异常 | C17: 无意义留言不崩 | D17: 其他 | E17: 1-19人 | F17: 普通员工 | H17: 。。。 | I17: 无效 | J17: 0 | K17: 29 | L17: 流程走完不报错；filter_reason 有内容 | M17: 验证无意义输入不会让链路崩溃，也不会被判成高意向
A18: TC-15 | B18: 异常 | C18: 超长留言（2000 字） | D18: 制造业 | E18: 100-499人 | F18: IT负责人/技术总监 | G18: 下载白皮书 | H18: （此处粘贴一段约 2000 字的产品需求描述，核心是希望接入现有系统、支持API对接，并询问报价） | I18: SQL | J18: 60 | K18: 95 | L18: need_summary ≤30 字；单条耗时 ≤30 秒 | M18: 验证长度上限表现，以及长文本是否把提取结果带偏
A19: TC-16 | B19: 异常 | C19: 多意图混杂取最高档 | D19: 金融 | E19: 100-499人 | F19: IT负责人/技术总监 | G19: 观看演示视频 | H19: 我们暂时没预算，但想问下支持API对接吗，另外报价多少 | I19: SQL | J19: 70 | K19: 88 | L19: 标签属于{集成需求,价格咨询}，不能是「随便看看」 | M19: 验证干扰词（没预算）不拉低分数，且取最高档意图
A20: TC-17 | B20: 异常 | C20: 兜底安全气囊（人为制造） | D20: 制造业 | E20: 100-499人 | F20: 采购/商务负责人 | G20: 下载白皮书 | H20: 支持API对接吗 | I20: MQL | J20: 45 | K20: 55 | L20: intent_score=8、标签=一般了解、流程不中断；本输入正常运行时应为 SQL，故本条须标注「人为制造异常」 | M20: 验证解析兜底生效——POC 现场不翻车的底气，也是工程健壮性的证明
A21: TC-18 | B21: 异常 | C21: 中英混杂留言 | D21: 软件/互联网 | E21: 100-499人 | F21: IT负责人/技术总监 | G21: 访问集成对接页 | H21: Do you support API integration? 我们想接入自己的系统 | I21: SQL | J21: 75 | K21: 92 | L21: 标签=集成需求 | M21: 验证中英混杂能被正确识别，不因英文而误判为无效

Sheet 通过标准
A1: 指标 | B1: 标准 | C1: 为什么这么定
A2: 等级判定一致率 | B2: ≥ 80%（AI vs 人工双盲） | C2: POC 期最实用的指标——销售认不认可，比数学上的准确率更重要
A3: 关键用例通过率 | B3: TC-01（SQL）、TC-05（无效）必须 100% | C3: 这两类是业务命门：漏掉高价值客户 / 放行垃圾线索，代价最大
A4: 分数抖动 | B4: 同一条跑 3 次，极差 ≤ ±5 分 | C4: 分数飘忽销售就不信，可解释性直接崩掉
A5: 兜底命中率 | B5: ≤ 5% | C5: 兜底太多说明提示词约束不够，或模型能力不足
A6: 单条处理耗时 | B6: ≤ 30 秒 | C6: 对齐案例文档里的验收标准（30 秒内完成打分）
A7: 数值边界不越界 | B7: 属性分 0-45、行为分 0-25、意图分 0-30 | C7: 防止封顶 / 夹紧逻辑失效导致总分爆表

Sheet 优化动作清单
A1: 症状 | B1: 可能原因 | C1: 对应动作
A2: 分数普遍偏低 / 高意向被判 MQL | B2: 阈值太保守，或缺行为数据 | C2: 先用真实成交样本回测改阈值；确认客户能否提供行为字段（缺行为分则总分上限只有 75）
A3: 同一条线索分数每次不一样 | B3: 温度太高 / 提示词档位模糊 | C3: 温度降到 0.2；给每一档补一个例句（few-shot），让档位边界不重叠
A4: 话术答非所问 | B4: 检索没取到对的资料 | C4: 检查知识库分段是否太碎、开 rerank、把查询词从留言原文换成提取后的关键词试试
A5: 话术编造产品功能 | B5: 提示词约束不够 | C5: 强化「资料未覆盖的写需与产品团队确认」；补充知识库覆盖该话题
A6: 经常走兜底 | B6: 提示词没给输出格式示例 | C6: 提示词里贴一个标准 JSON 示例；或换支持结构化输出（JSON Schema）的模型
A7: 提取出的 JSON 塞不进下游 | B7: 下游引用的是 extract.text（整段 JSON 字符串） | C7: 加一个解析节点取出 need_summary 再往下传（对应通关手册「待改点 2」）
A8: 无效线索也花了钱 | B8: 分支位置太靠后 | C8: 把可前置的规则判断提前；注意提取与意图评分这两次调用无法避免，没有它们判断不出等级
